Date,Open,High,Low,Close,Adj Close,Volume
3-Jun-25,830,830,810,815,815,"3,866,000"
2-Jun-25,830,835,815,830,830,"2,974,900"
28-May-25,840,850,830,830,830,"5,196,000"
27-May-25,840,860,810,830,830,"9,904,300"
26-May-25,850,855,825,840,840,"3,349,300"
23-May-25,845,850,840,850,850,"858,500"
22-May-25,850,855,840,850,850,"1,173,600"
21-May-25,850,855,840,850,850,"1,088,800"
20-May-25,855,860,840,850,850,"1,923,900"
19-May-25,855,865,840,850,850,"2,265,500"
16-May-25,850,880,845,855,855,"5,553,100"
15-May-25,865,865,830,850,850,"2,946,400"
14-May-25,840,880,825,860,860,"5,601,000"
9-May-25,870,885,830,840,840,"8,973,600"
8-May-25,890,895,860,870,870,"3,616,700"
7-May-25,905,935,870,890,890,"15,819,800"
6-May-25,850,910,850,905,905,"18,040,800"
5-May-25,835,845,830,835,835,"2,263,100"
2-May-25,840,850,805,835,835,"3,556,500"
30-Apr-25,855,865,825,840,840,"4,523,600"
29-Apr-25,815,865,810,855,855,"8,845,000"
28-Apr-25,765,815,760,810,810,"8,963,700"
25-Apr-25,735,760,725,760,760,"5,127,900"
24-Apr-25,730,745,720,735,735,"2,605,200"
23-Apr-25,710,735,695,730,730,"4,031,800"
22-Apr-25,720,720,700,710,710,"1,081,900"
21-Apr-25,705,720,695,710,710,"3,003,100"
17-Apr-25,700,705,680,705,705,"3,033,700"
16-Apr-25,690,700,670,700,700,"4,343,800"
15-Apr-25,660,710,660,690,690,"6,194,500"
14-Apr-25,660,665,655,660,660,"1,155,900"
11-Apr-25,655,670,645,660,660,"1,783,900"
10-Apr-25,660,665,640,650,650,"3,485,300"
9-Apr-25,650,665,645,650,650,"2,255,400"
8-Apr-25,655,655,635,650,650,"2,736,000"
27-Mar-25,620,700,620,695,695,"11,204,400"
26-Mar-25,615,625,590,620,620,"1,339,300"
25-Mar-25,600,620,600,615,615,"885,300"
24-Mar-25,590,605,575,600,600,"1,428,900"
21-Mar-25,625,640,540,590,590,"5,222,700"
20-Mar-25,615,625,615,625,625,"444,200"
19-Mar-25,620,620,610,615,615,"453,800"
18-Mar-25,630,635,605,615,615,"1,045,500"
17-Mar-25,630,635,615,630,630,"459,500"
14-Mar-25,630,635,625,630,630,"536,200"
13-Mar-25,635,640,625,630,630,"602,700"
12-Mar-25,630,635,625,635,635,"586,900"
11-Mar-25,640,640,620,630,630,"804,600"
10-Mar-25,635,640,625,640,640,"628,100"
7-Mar-25,630,640,630,630,630,"589,700"
6-Mar-25,630,640,625,635,635,"624,800"
5-Mar-25,620,635,615,630,630,"1,013,300"
4-Mar-25,625,630,600,620,620,"965,800"
3-Mar-25,625,635,620,625,625,"830,800"
28-Feb-25,645,650,615,625,625,"1,276,800"
27-Feb-25,650,650,640,645,645,"694,700"
26-Feb-25,645,655,630,645,645,"1,111,300"
25-Feb-25,650,650,640,645,645,"943,600"
24-Feb-25,650,650,640,650,650,"1,076,300"
21-Feb-25,650,650,640,650,650,"414,600"
20-Feb-25,650,660,640,650,650,"1,153,200"
19-Feb-25,650,660,645,650,650,"511,200"
18-Feb-25,640,660,630,650,650,"1,939,000"
17-Feb-25,635,640,630,640,640,"346,400"
14-Feb-25,630,640,630,635,635,"245,500"
13-Feb-25,635,635,625,635,635,"365,000"
12-Feb-25,630,640,610,635,635,"1,062,700"
11-Feb-25,630,640,620,625,625,"251,000"
10-Feb-25,625,630,610,630,630,"919,400"
7-Feb-25,650,650,615,630,630,"1,284,700"
6-Feb-25,650,660,640,650,650,"1,056,600"
5-Feb-25,650,670,650,655,655,"1,058,600"
4-Feb-25,640,660,635,650,650,"1,874,700"
3-Feb-25,635,640,625,640,640,"817,000"
31-Jan-25,625,645,620,635,635,"795,400"
30-Jan-25,635,635,610,630,630,"607,000"
24-Jan-25,655,660,635,635,635,"1,075,600"
23-Jan-25,660,675,645,655,655,"2,976,200"
22-Jan-25,610,665,605,650,650,"4,406,700"
21-Jan-25,620,625,600,610,610,"884,900"
20-Jan-25,620,625,595,620,620,"1,629,000"
17-Jan-25,625,630,615,620,620,"381,100"
16-Jan-25,620,630,610,620,620,"1,516,600"
15-Jan-25,630,635,620,620,620,"592,400"
14-Jan-25,625,635,605,630,630,"991,100"
13-Jan-25,640,650,625,625,625,"836,700"
10-Jan-25,635,650,630,640,640,"2,827,000"
9-Jan-25,600,645,590,635,635,"6,213,200"
8-Jan-25,610,620,590,600,600,"860,400"
7-Jan-25,560,610,560,610,610,"2,443,400"
6-Jan-25,580,585,550,560,560,"1,449,900"
3-Jan-25,595,595,570,580,580,"1,636,900"
2-Jan-25,595,600,585,595,595,"334,400"
30-Dec-24,595,605,585,590,590,"478,300"
27-Dec-24,590,600,585,595,595,"734,600"
24-Dec-24,610,610,585,590,590,"362,000"
23-Dec-24,605,610,590,600,600,"381,800"
20-Dec-24,595,610,595,595,595,"479,200"
19-Dec-24,605,610,590,595,595,"1,077,200"
18-Dec-24,610,620,605,605,605,"122,100"
17-Dec-24,625,625,610,610,610,"452,400"
16-Dec-24,620,635,615,625,625,"444,200"
13-Dec-24,630,640,620,620,620,"172,900"
12-Dec-24,635,655,630,630,630,"938,800"
11-Dec-24,645,645,630,635,635,"692,600"
10-Dec-24,635,645,635,645,645,"360,600"
9-Dec-24,625,645,620,635,635,"960,800"
6-Dec-24,620,630,605,625,625,"242,700"
5-Dec-24,625,630,605,620,620,"538,300"
4-Dec-24,620,630,615,625,625,"401,300"
3-Dec-24,630,630,620,620,620,"205,000"
2-Dec-24,640,640,620,620,620,"273,200"
29-Nov-24,635,645,625,640,640,"367,300"
28-Nov-24,645,645,630,635,635,"193,600"
26-Nov-24,610,645,600,635,635,"1,807,500"
25-Nov-24,630,635,605,620,620,"947,500"
22-Nov-24,625,630,615,625,625,"233,600"
21-Nov-24,620,630,615,625,625,"200,500"
20-Nov-24,625,630,615,620,620,"176,200"
19-Nov-24,610,630,605,625,625,"223,400"
18-Nov-24,620,625,600,615,615,"498,300"
15-Nov-24,635,655,610,620,620,"2,025,000"
14-Nov-24,645,650,630,640,640,"450,900"
13-Nov-24,650,650,645,645,645,"442,600"
12-Nov-24,635,650,625,650,650,"886,200"
11-Nov-24,645,645,630,635,635,"1,106,500"
8-Nov-24,645,650,640,640,640,"394,400"
7-Nov-24,640,645,635,645,645,"1,151,500"
6-Nov-24,650,655,640,645,645,"909,300"
5-Nov-24,655,660,645,650,650,"1,557,100"
4-Nov-24,655,670,650,650,650,"561,900"
1-Nov-24,645,675,635,650,650,"1,284,100"
31-Oct-24,655,655,640,645,645,"1,241,900"
30-Oct-24,685,695,630,655,655,"3,832,200"
29-Oct-24,685,695,675,675,675,"771,000"
28-Oct-24,685,685,675,685,685,"987,900"
25-Oct-24,685,690,680,685,685,"389,800"
24-Oct-24,690,690,680,685,685,"223,700"
23-Oct-24,690,690,680,685,685,"586,000"
22-Oct-24,690,695,685,690,690,"403,800"
21-Oct-24,685,700,680,685,685,"639,700"
18-Oct-24,690,695,680,685,685,"1,479,100"
17-Oct-24,700,700,685,690,690,"1,448,700"
16-Oct-24,690,710,690,695,695,"2,070,800"
15-Oct-24,700,700,685,685,685,"765,800"
14-Oct-24,685,705,675,695,695,"2,186,000"
11-Oct-24,680,690,675,685,685,"442,700"
10-Oct-24,680,690,675,680,680,"830,600"
9-Oct-24,680,685,670,675,675,"589,800"
8-Oct-24,680,680,660,675,675,"2,554,000"
7-Oct-24,680,680,670,680,680,"925,100"
4-Oct-24,675,685,670,675,675,"413,500"
3-Oct-24,675,685,670,675,675,"1,548,700"
2-Oct-24,680,685,665,670,670,"5,442,700"
1-Oct-24,680,685,675,680,680,"719,600"
30-Sep-24,690,695,675,680,680,"2,229,100"
27-Sep-24,690,700,685,690,690,"959,100"
26-Sep-24,690,690,680,690,690,"991,200"
25-Sep-24,695,700,685,685,685,"858,700"
24-Sep-24,690,695,685,690,690,"640,100"
23-Sep-24,695,695,685,695,695,"1,126,500"
20-Sep-24,695,700,690,695,695,"521,500"
19-Sep-24,695,700,690,695,695,"1,558,200"
18-Sep-24,690,700,685,690,690,"1,234,900"
17-Sep-24,690,700,685,685,685,"1,540,600"
13-Sep-24,690,695,680,690,690,"807,400"
12-Sep-24,685,695,680,685,685,"1,073,600"
11-Sep-24,685,695,680,685,685,"1,382,800"
10-Sep-24,695,700,685,685,685,"1,609,000"
9-Sep-24,695,700,690,690,690,"514,600"
6-Sep-24,695,700,685,690,690,"670,000"
5-Sep-24,695,700,690,695,695,"400,200"
4-Sep-24,700,700,690,695,695,"598,800"
3-Sep-24,690,705,670,700,700,"1,152,200"
2-Sep-24,690,705,690,695,695,"813,400"
30-Aug-24,715,715,690,690,690,"2,672,600"
29-Aug-24,710,715,710,710,710,"823,500"
28-Aug-24,715,720,710,710,710,"1,344,500"
27-Aug-24,720,720,710,715,715,"1,474,400"
26-Aug-24,710,720,705,715,715,"3,010,500"
23-Aug-24,695,715,695,705,705,"455,100"
22-Aug-24,700,710,695,695,695,"781,800"
21-Aug-24,710,715,705,705,705,"908,400"
20-Aug-24,715,715,705,710,710,"949,300"
19-Aug-24,710,715,705,715,715,"555,900"
16-Aug-24,720,720,705,710,710,"1,239,100"
15-Aug-24,715,730,710,715,715,"2,693,600"
14-Aug-24,720,720,705,710,710,"952,700"
13-Aug-24,710,720,705,710,710,"506,100"
12-Aug-24,700,715,690,710,710,"1,217,800"
9-Aug-24,695,700,685,695,695,"186,700"
8-Aug-24,705,710,685,685,685,"544,500"
7-Aug-24,685,710,680,705,705,"989,200"
6-Aug-24,685,690,675,685,685,"801,800"
5-Aug-24,710,710,675,680,680,"1,904,700"
2-Aug-24,715,715,705,710,710,"491,500"
1-Aug-24,715,720,700,720,720,"779,600"
31-Jul-24,720,725,710,715,715,"1,969,200"
30-Jul-24,700,735,690,720,720,"3,387,500"
29-Jul-24,700,705,690,700,700,"312,800"
26-Jul-24,690,700,685,695,695,"368,800"
25-Jul-24,700,700,685,690,690,"425,800"
24-Jul-24,700,700,690,700,700,"593,200"
23-Jul-24,705,705,695,695,695,"748,100"
22-Jul-24,705,710,695,705,705,"1,125,600"
19-Jul-24,710,715,695,700,700,"1,083,000"
18-Jul-24,685,715,675,710,710,"3,917,900"
17-Jul-24,680,690,670,680,680,"1,547,400"
16-Jul-24,680,690,675,680,680,"1,173,600"
15-Jul-24,695,700,675,680,680,"885,000"
12-Jul-24,670,700,670,690,690,"1,749,600"
11-Jul-24,690,690,675,675,675,"1,017,600"
10-Jul-24,730,730,680,690,690,"521,700"
9-Jul-24,685,690,675,690,690,"2,224,500"
8-Jul-24,695,695,680,685,685,"1,385,200"
5-Jul-24,690,695,685,690,690,"528,200"
4-Jul-24,695,700,685,690,690,"1,228,700"
3-Jul-24,700,705,685,690,690,"1,383,500"
2-Jul-24,695,710,690,690,690,"950,100"
1-Jul-24,695,705,685,690,690,"869,000"
28-Jun-24,690,700,685,695,695,"1,287,900"
27-Jun-24,690,695,680,685,685,"1,063,100"
26-Jun-24,695,705,685,685,685,"725,500"
25-Jun-24,695,700,685,695,695,"245,500"
24-Jun-24,700,705,680,695,695,"1,020,800"
21-Jun-24,700,720,695,695,695,"930,600"
20-Jun-24,695,700,685,695,695,"1,211,700"
19-Jun-24,705,715,695,695,687.45,"1,000,700"
14-Jun-24,700,705,685,695,687.45,"2,319,500"
13-Jun-24,705,715,700,700,692.4,"1,394,700"
12-Jun-24,715,720,695,705,697.34,"1,292,300"
11-Jun-24,715,720,715,715,707.23,"317,500"
10-Jun-24,725,725,715,715,707.23,"814,800"
7-Jun-24,720,730,720,720,712.18,"303,900"
6-Jun-24,720,725,710,715,707.23,"817,600"
5-Jun-24,740,740,705,720,712.18,"1,793,700"
4-Jun-24,765,765,735,740,731.96,"514,500"
3-Jun-24,730,770,725,755,746.8,"3,015,200"
31-May-24,750,750,725,730,722.07,"2,160,000"
30-May-24,750,750,725,750,741.85,"1,263,000"
29-May-24,770,775,735,750,741.85,"961,100"
28-May-24,760,775,755,770,761.64,"679,700"
27-May-24,765,765,750,760,751.74,"1,388,900"
22-May-24,770,780,760,765,756.69,"908,200"
21-May-24,770,795,770,770,761.64,"1,469,300"
20-May-24,805,810,765,785,776.47,"2,165,900"
17-May-24,805,820,795,805,796.26,"2,702,300"
16-May-24,785,815,785,805,796.26,"10,099,100"
15-May-24,780,795,760,785,776.47,"8,641,600"
14-May-24,725,770,720,765,756.69,"8,949,400"
13-May-24,725,730,720,725,717.12,"3,617,700"
8-May-24,730,735,720,725,717.12,"3,982,100"
7-May-24,715,735,705,730,722.07,"7,500,000"
6-May-24,700,710,695,710,702.29,"6,830,400"
3-May-24,695,710,690,700,692.4,"2,770,200"
2-May-24,705,705,685,695,687.45,"6,782,200"
30-Apr-24,690,710,685,705,697.34,"2,518,200"
29-Apr-24,685,695,680,690,682.5,"2,244,500"
26-Apr-24,680,690,665,685,677.56,"7,798,300"
25-Apr-24,705,705,685,685,677.56,"3,331,200"
24-Apr-24,710,715,700,705,697.34,"2,845,400"
23-Apr-24,710,730,700,710,702.29,"6,080,300"
22-Apr-24,710,735,700,710,702.29,"5,469,400"
19-Apr-24,725,725,700,710,702.29,"4,335,100"
18-Apr-24,725,730,720,725,717.12,"4,920,300"
17-Apr-24,740,755,725,725,717.12,"4,478,300"
16-Apr-24,765,765,740,740,731.96,"5,633,000"
5-Apr-24,755,775,755,765,756.69,"3,957,500"
4-Apr-24,780,780,755,760,751.74,"3,905,200"
3-Apr-24,790,790,770,780,771.53,"4,722,300"
2-Apr-24,795,800,775,790,781.42,"5,530,200"
1-Apr-24,805,815,770,795,786.36,"8,230,000"
28-Mar-24,805,815,785,805,796.26,"9,058,400"
27-Mar-24,750,795,745,795,786.36,"14,954,300"
26-Mar-24,825,825,725,750,741.85,"31,878,600"
25-Mar-24,820,820,805,805,796.26,"7,948,600"
22-Mar-24,820,820,805,815,806.15,"8,460,100"
21-Mar-24,820,830,810,820,811.09,"5,755,400"
20-Mar-24,825,825,805,820,811.09,"6,319,400"
19-Mar-24,845,850,825,825,816.04,"12,111,400"
18-Mar-24,845,850,835,845,835.82,"6,863,900"
15-Mar-24,845,850,835,845,835.82,"6,630,900"
14-Mar-24,840,860,835,845,835.82,"12,120,900"
13-Mar-24,825,845,815,835,825.93,"8,877,900"
8-Mar-24,835,845,820,825,816.04,"7,948,100"
7-Mar-24,830,845,820,835,825.93,"6,071,700"
6-Mar-24,835,845,825,830,820.98,"7,362,900"
5-Mar-24,825,845,810,835,825.93,"17,881,000"
4-Mar-24,845,860,825,825,816.04,"15,445,900"
1-Mar-24,835,860,820,840,830.87,"20,028,700"
29-Feb-24,840,855,825,835,825.93,"25,862,400"
28-Feb-24,845,885,835,840,830.87,"27,899,300"
27-Feb-24,815,850,800,845,835.82,"19,813,200"
26-Feb-24,815,830,810,810,801.2,"8,777,900"
23-Feb-24,815,825,815,815,806.15,"5,943,300"
22-Feb-24,815,835,810,815,806.15,"4,831,900"
21-Feb-24,820,840,815,815,806.15,"7,972,400"
20-Feb-24,830,840,815,825,816.04,"8,537,500"
19-Feb-24,830,865,825,830,820.98,"15,803,500"
16-Feb-24,835,840,820,830,820.98,"9,586,200"
15-Feb-24,800,840,800,835,825.93,"9,081,100"
13-Feb-24,810,825,800,800,791.31,"5,746,200"
12-Feb-24,830,850,815,815,806.15,"14,101,900"
7-Feb-24,830,835,810,830,820.98,"9,384,500"
6-Feb-24,790,835,780,825,816.04,"23,389,200"
5-Feb-24,790,795,775,790,781.42,"2,606,600"
2-Feb-24,785,810,780,785,776.47,"5,983,600"
1-Feb-24,780,800,775,785,776.47,"7,774,900"
31-Jan-24,755,780,755,780,771.53,"3,881,100"
30-Jan-24,740,770,735,755,746.8,"3,636,300"
29-Jan-24,750,750,730,740,731.96,"2,883,100"
26-Jan-24,760,765,750,750,741.85,"3,823,700"
25-Jan-24,785,790,755,760,751.74,"5,739,800"
24-Jan-24,775,780,770,780,771.53,"1,669,200"
23-Jan-24,770,800,760,775,766.58,"11,040,900"
22-Jan-24,770,770,760,770,761.64,"3,444,900"
19-Jan-24,765,770,755,770,761.64,"2,613,600"
18-Jan-24,760,770,755,765,756.69,"1,455,000"
17-Jan-24,775,775,755,760,751.74,"3,492,200"
16-Jan-24,775,785,770,775,766.58,"2,908,500"
15-Jan-24,770,775,765,775,766.58,"1,214,200"
12-Jan-24,765,785,755,770,761.64,"2,769,000"
11-Jan-24,775,780,745,765,756.69,"7,886,800"
10-Jan-24,790,795,775,775,766.58,"5,393,500"
9-Jan-24,770,795,770,790,781.42,"4,482,800"
8-Jan-24,790,790,770,770,761.64,"3,303,500"
5-Jan-24,780,790,775,790,781.42,"1,211,200"
4-Jan-24,790,790,775,780,771.53,"1,847,700"
3-Jan-24,780,810,770,785,776.47,"7,796,000"
2-Jan-24,775,795,760,780,771.53,"4,254,600"
29-Dec-23,760,780,755,775,766.58,"3,359,000"
28-Dec-23,775,780,760,760,751.74,"2,415,200"
27-Dec-23,760,775,755,770,761.64,"3,190,400"
22-Dec-23,755,755,735,755,746.8,"2,491,700"
21-Dec-23,770,780,730,740,731.96,"8,469,300"
20-Dec-23,770,805,765,775,766.58,"9,420,600"
19-Dec-23,770,785,760,770,761.64,"4,799,700"
18-Dec-23,750,770,745,765,756.69,"4,246,800"
15-Dec-23,750,760,740,750,741.85,"3,260,700"
14-Dec-23,715,775,710,750,741.85,"12,714,000"
13-Dec-23,705,730,695,715,707.23,"3,809,800"
12-Dec-23,705,710,700,705,697.34,"2,731,500"
11-Dec-23,725,730,690,705,697.34,"7,857,800"
8-Dec-23,725,735,720,725,717.12,"4,164,000"
7-Dec-23,760,760,725,725,717.12,"6,876,300"
6-Dec-23,735,770,735,760,751.74,"4,623,600"
5-Dec-23,755,765,735,735,727.02,"5,778,200"
4-Dec-23,765,765,745,755,746.8,"2,168,200"
1-Dec-23,755,770,750,765,756.69,"2,297,400"
30-Nov-23,760,765,755,755,746.8,"1,271,300"
29-Nov-23,770,790,760,765,756.69,"4,514,900"
28-Nov-23,780,780,765,770,761.64,"899,500"
27-Nov-23,760,785,755,780,771.53,"3,666,100"
24-Nov-23,770,770,750,765,756.69,"2,036,300"
23-Nov-23,765,790,765,770,761.64,"5,433,700"
22-Nov-23,790,795,760,765,756.69,"4,906,800"
21-Nov-23,785,805,780,790,781.42,"4,868,500"
20-Nov-23,785,805,780,785,776.47,"4,516,200"
17-Nov-23,810,810,780,785,776.47,"4,176,700"
16-Nov-23,810,825,805,810,801.2,"3,789,700"
15-Nov-23,780,835,775,810,801.2,"12,593,800"
14-Nov-23,750,785,745,780,771.53,"8,004,000"
13-Nov-23,750,755,735,750,741.85,"2,204,500"
10-Nov-23,780,795,750,750,741.85,"10,732,500"
9-Nov-23,850,850,790,790,781.42,"13,856,100"
8-Nov-23,840,845,830,840,830.87,"2,458,100"
7-Nov-23,850,855,840,840,830.87,"3,091,400"
6-Nov-23,840,870,830,845,835.82,"8,419,300"
3-Nov-23,820,850,815,840,830.87,"5,241,600"
2-Nov-23,815,825,810,815,806.15,"2,711,200"
1-Nov-23,850,850,820,820,811.09,"5,066,300"
31-Oct-23,845,850,820,850,840.77,"10,451,500"
30-Oct-23,810,840,810,835,825.93,"3,241,900"
27-Oct-23,805,825,805,810,801.2,"1,765,000"
26-Oct-23,835,835,795,805,796.26,"4,092,800"
25-Oct-23,830,845,820,825,816.04,"2,628,300"
24-Oct-23,800,835,800,825,816.04,"3,825,300"
23-Oct-23,840,845,780,800,791.31,"8,165,600"
20-Oct-23,830,840,820,835,825.93,"1,920,200"
19-Oct-23,840,845,825,830,820.98,"3,220,300"
18-Oct-23,875,880,835,835,825.93,"9,595,500"
17-Oct-23,835,870,820,870,860.55,"7,930,000"
16-Oct-23,840,860,805,820,811.09,"11,322,200"
13-Oct-23,850,875,840,845,835.82,"5,598,600"
12-Oct-23,865,880,845,850,840.77,"6,966,100"
11-Oct-23,885,885,860,870,860.55,"2,941,100"
10-Oct-23,850,900,845,865,855.6,"8,136,900"
9-Oct-23,880,885,840,845,835.82,"7,404,500"
6-Oct-23,870,900,865,880,870.44,"4,308,700"
5-Oct-23,885,895,860,870,860.55,"6,957,100"
4-Oct-23,900,910,865,885,875.39,"11,592,300"
3-Oct-23,910,920,895,900,890.22,"8,007,600"
2-Oct-23,855,910,850,905,895.17,"13,651,600"
29-Sep-23,915,925,855,855,845.71,"25,117,900"
27-Sep-23,920,950,915,915,905.06,"16,579,300"
26-Sep-23,"1,065.00","1,070.00",905,925,914.95,"48,782,200"
25-Sep-23,"1,055.00","1,095.00","1,045.00","1,060.00","1,048.48","18,497,800"
22-Sep-23,"1,035.00","1,060.00","1,020.00","1,040.00","1,028.70","18,357,200"
21-Sep-23,935,"1,030.00",930,"1,030.00","1,018.81","39,299,500"
20-Sep-23,945,970,930,935,924.84,"11,693,800"
19-Sep-23,975,975,930,945,934.73,"22,530,200"
18-Sep-23,850,970,845,950,939.68,"57,221,900"
15-Sep-23,830,850,815,845,835.82,"9,461,200"
14-Sep-23,850,855,815,825,816.04,"14,829,600"
13-Sep-23,855,870,835,845,835.82,"8,921,100"
12-Sep-23,845,890,835,850,840.77,"18,144,400"
11-Sep-23,860,865,830,840,830.87,"8,731,000"
8-Sep-23,845,860,840,855,845.71,"6,778,100"
7-Sep-23,845,870,835,840,830.87,"12,557,200"
6-Sep-23,825,850,825,840,830.87,"8,672,200"
5-Sep-23,820,840,820,820,811.09,"5,252,200"
4-Sep-23,835,850,810,825,816.04,"9,227,900"
1-Sep-23,830,860,820,830,820.98,"10,711,500"
31-Aug-23,855,875,815,830,820.98,"16,143,200"
30-Aug-23,845,890,845,850,840.77,"19,474,200"
29-Aug-23,900,905,840,845,835.82,"32,962,700"
28-Aug-23,805,890,790,880,870.44,"51,685,700"
25-Aug-23,770,810,765,790,781.42,"28,238,300"
24-Aug-23,760,770,755,770,761.64,"5,307,400"
23-Aug-23,770,780,745,760,751.74,"11,539,200"
22-Aug-23,750,770,735,755,746.8,"20,129,200"
21-Aug-23,740,765,735,745,736.91,"10,763,900"
18-Aug-23,765,770,720,740,731.96,"18,915,500"
16-Aug-23,770,780,750,765,756.69,"11,136,800"
15-Aug-23,730,785,730,770,761.64,"20,873,900"
14-Aug-23,730,740,710,730,722.07,"15,473,500"
11-Aug-23,710,740,705,730,722.07,"12,203,800"
10-Aug-23,720,735,705,710,702.29,"10,200,500"
9-Aug-23,720,740,710,720,712.18,"9,970,400"
8-Aug-23,715,745,715,720,712.18,"8,312,100"
7-Aug-23,745,745,720,720,712.18,"9,382,300"
4-Aug-23,755,770,735,745,736.91,"19,134,000"
3-Aug-23,760,775,750,755,746.8,"13,346,800"
2-Aug-23,810,815,700,760,751.74,"51,723,400"
1-Aug-23,815,825,800,810,801.2,"11,955,300"
31-Jul-23,790,825,785,815,806.15,"15,098,800"
28-Jul-23,805,810,780,790,781.42,"11,635,400"
27-Jul-23,830,840,805,805,796.26,"24,336,500"
26-Jul-23,775,835,770,830,820.98,"23,333,200"
25-Jul-23,785,795,770,775,766.58,"11,261,100"
24-Jul-23,795,800,775,785,776.47,"8,429,700"
21-Jul-23,785,800,755,795,786.36,"25,446,000"
20-Jul-23,785,805,760,785,776.47,"22,579,200"
18-Jul-23,780,790,755,780,771.53,"17,698,100"
17-Jul-23,765,785,745,775,766.58,"8,456,500"
14-Jul-23,750,790,745,760,751.74,"14,088,000"
13-Jul-23,770,775,730,750,741.85,"14,693,300"
12-Jul-23,780,785,765,770,761.64,"5,933,000"
11-Jul-23,775,790,760,775,766.58,"9,562,300"
10-Jul-23,795,795,755,765,756.69,"10,086,100"
7-Jul-23,780,795,765,785,776.47,"8,298,700"
6-Jul-23,800,805,770,780,771.53,"19,360,200"
5-Jul-23,750,805,745,795,786.36,"38,039,100"
4-Jul-23,720,765,715,745,736.91,"16,157,900"
3-Jul-23,745,760,715,720,712.18,"12,401,100"
27-Jun-23,745,750,725,745,736.91,"8,087,500"
26-Jun-23,720,750,705,745,730.48,"18,312,900"
23-Jun-23,735,745,715,715,701.06,"8,891,100"
22-Jun-23,760,770,730,735,720.67,"15,464,800"
21-Jun-23,695,760,695,760,745.19,"31,934,700"
20-Jun-23,705,705,680,695,681.45,"5,526,500"
19-Jun-23,700,710,690,700,686.35,"8,135,900"
16-Jun-23,690,700,685,695,681.45,"5,111,300"
15-Jun-23,690,705,685,690,676.55,"3,942,800"
14-Jun-23,705,705,680,690,676.55,"6,647,300"
13-Jun-23,700,710,680,700,686.35,"10,461,600"
12-Jun-23,700,710,695,700,686.35,"7,813,500"
9-Jun-23,705,710,690,700,686.35,"5,965,900"
8-Jun-23,705,725,685,705,691.26,"11,025,800"
7-Jun-23,685,720,680,705,691.26,"16,144,200"
6-Jun-23,675,690,660,685,671.65,"6,238,400"
5-Jun-23,635,685,620,675,661.84,"33,776,100"
31-May-23,640,665,615,635,622.62,"9,238,800"
30-May-23,700,750,650,650,637.33,"56,760,200"
29-May-23,730,735,690,695,681.45,"10,734,800"
26-May-23,720,730,710,725,710.87,"11,479,100"
25-May-23,715,730,710,720,705.96,"11,417,400"
24-May-23,685,730,675,710,696.16,"19,342,800"
23-May-23,680,760,680,695,681.45,"30,324,900"
22-May-23,700,700,680,680,666.74,"6,815,100"
19-May-23,720,725,695,700,686.35,"6,409,000"
17-May-23,750,755,720,720,705.96,"4,032,700"
16-May-23,745,750,695,745,730.48,"21,959,700"
15-May-23,755,770,740,745,730.48,"11,832,600"
12-May-23,760,765,740,755,740.28,"5,670,700"
11-May-23,750,770,735,750,735.38,"16,710,700"
10-May-23,760,770,740,750,735.38,"8,860,500"
9-May-23,765,775,745,755,740.28,"13,885,500"
8-May-23,715,785,710,765,750.09,"40,834,800"
5-May-23,670,735,655,715,701.06,"53,084,700"
4-May-23,560,685,545,670,656.94,"91,480,800"
3-May-23,550,590,540,550,539.28,"36,515,300"
2-May-23,540,560,530,545,534.38,"13,572,700"
28-Apr-23,535,545,535,540,529.47,"4,067,400"
27-Apr-23,535,550,515,535,524.57,"6,415,000"
26-Apr-23,535,535,515,530,519.67,"4,624,700"
18-Apr-23,520,535,520,530,519.67,"4,481,600"
17-Apr-23,525,530,515,520,509.86,"3,981,900"
14-Apr-23,530,530,520,525,514.77,"2,951,300"
13-Apr-23,530,535,515,520,509.86,"3,857,900"
12-Apr-23,540,540,520,525,514.77,"4,195,700"
11-Apr-23,535,545,525,540,529.47,"3,048,900"
10-Apr-23,545,550,530,530,519.67,"4,982,600"
6-Apr-23,555,555,540,545,534.38,"4,359,200"
5-Apr-23,560,565,550,555,544.18,"3,429,000"
4-Apr-23,565,570,550,555,544.18,"3,371,000"
3-Apr-23,550,565,545,565,553.99,"3,332,800"
31-Mar-23,555,565,545,550,539.28,"2,729,500"
30-Mar-23,565,565,555,560,549.08,"4,043,900"
29-Mar-23,565,570,555,560,549.08,"4,380,000"
28-Mar-23,540,560,540,555,544.18,"3,504,300"
27-Mar-23,535,555,530,550,539.28,"3,917,000"
24-Mar-23,540,550,525,535,524.57,"5,052,900"
21-Mar-23,545,550,540,540,529.47,"3,848,400"
20-Mar-23,545,570,540,545,534.38,"4,926,200"
17-Mar-23,535,560,535,545,534.38,"4,348,700"
16-Mar-23,550,560,535,535,524.57,"4,764,300"
15-Mar-23,540,565,540,550,539.28,"16,186,300"
14-Mar-23,535,550,535,540,529.47,"3,966,400"
13-Mar-23,530,540,525,535,524.57,"2,972,300"
10-Mar-23,530,545,525,530,519.67,"3,599,500"
9-Mar-23,525,545,520,530,519.67,"8,193,700"
8-Mar-23,520,535,515,525,514.77,"1,782,000"
7-Mar-23,525,525,515,520,509.86,"1,784,900"
6-Mar-23,515,530,515,525,514.77,"3,295,600"
3-Mar-23,525,530,515,515,504.96,"3,739,900"
2-Mar-23,525,535,520,525,514.77,"3,857,900"
1-Mar-23,525,530,520,525,514.77,"4,114,700"
28-Feb-23,525,530,515,525,514.77,"3,295,800"
27-Feb-23,535,535,520,525,514.77,"3,896,000"
24-Feb-23,525,535,520,535,524.57,"3,747,800"
23-Feb-23,540,540,525,525,514.77,"3,369,900"
22-Feb-23,545,545,525,540,529.47,"5,299,200"
21-Feb-23,550,575,540,545,534.38,"14,929,700"
20-Feb-23,535,550,535,545,534.38,"5,639,700"
17-Feb-23,530,540,525,535,524.57,"2,930,600"
16-Feb-23,525,540,520,530,519.67,"2,472,000"
15-Feb-23,540,540,520,525,514.77,"5,058,900"
14-Feb-23,535,545,530,540,529.47,"4,891,200"
13-Feb-23,535,540,520,535,524.57,"2,065,000"
10-Feb-23,550,550,530,535,524.57,"3,738,100"
9-Feb-23,550,555,535,550,539.28,"4,277,400"
8-Feb-23,540,555,535,550,539.28,"2,036,400"
7-Feb-23,535,545,515,540,529.47,"3,366,700"
6-Feb-23,540,550,530,535,524.57,"2,145,800"
3-Feb-23,540,550,535,535,524.57,"1,846,200"
2-Feb-23,530,545,530,535,524.57,"1,900,900"
1-Feb-23,525,545,525,530,519.67,"2,581,700"
31-Jan-23,520,535,510,525,514.77,"2,910,300"
30-Jan-23,565,565,530,530,519.67,"10,682,400"
27-Jan-23,550,580,545,565,553.99,"15,069,200"
26-Jan-23,555,555,545,550,539.28,"1,402,300"
25-Jan-23,535,550,530,550,539.28,"1,684,600"
24-Jan-23,530,545,530,535,524.57,"2,211,800"
20-Jan-23,545,545,510,530,519.67,"8,557,700"
19-Jan-23,560,575,545,545,534.38,"7,391,300"
18-Jan-23,565,575,555,560,549.08,"4,526,300"
17-Jan-23,555,565,550,565,553.99,"2,251,200"
16-Jan-23,570,570,555,555,544.18,"1,985,400"
13-Jan-23,570,570,560,570,558.89,"1,788,700"
12-Jan-23,570,585,565,570,558.89,"5,862,700"
11-Jan-23,570,575,545,570,558.89,"16,034,000"
10-Jan-23,590,590,570,570,558.89,"4,312,200"
9-Jan-23,600,600,585,590,578.5,"3,591,300"
6-Jan-23,610,610,600,600,588.3,"1,701,500"
5-Jan-23,625,625,595,610,598.11,"8,084,500"
4-Jan-23,640,640,625,625,612.82,"3,029,000"
3-Jan-23,640,650,630,640,627.52,"6,598,200"
2-Jan-23,650,650,625,640,627.52,"9,159,600"
30-Dec-22,660,660,645,650,637.33,"5,084,600"
29-Dec-22,655,660,640,650,637.33,"9,086,900"
28-Dec-22,620,680,615,650,637.33,"48,535,300"
27-Dec-22,630,630,615,620,607.91,"3,146,000"
26-Dec-22,645,650,625,630,617.72,"13,472,900"
23-Dec-22,600,650,595,640,627.52,"23,862,500"
22-Dec-22,620,620,585,600,588.3,"11,061,600"
21-Dec-22,620,640,610,620,607.91,"10,159,700"
20-Dec-22,630,630,610,620,607.91,"2,977,500"
19-Dec-22,625,635,615,630,617.72,"4,632,600"
16-Dec-22,605,620,575,620,607.91,"14,587,500"
15-Dec-22,610,610,600,605,593.21,"2,040,300"
14-Dec-22,615,620,600,610,598.11,"6,238,800"
13-Dec-22,625,635,600,605,593.21,"25,963,600"
12-Dec-22,615,625,605,625,612.82,"6,911,300"
9-Dec-22,615,615,600,615,603.01,"4,173,400"
8-Dec-22,635,640,605,615,603.01,"10,295,600"
7-Dec-22,645,645,600,640,627.52,"19,690,500"
6-Dec-22,620,655,595,640,627.52,"28,514,400"
5-Dec-22,670,675,630,630,617.72,"17,228,200"
2-Dec-22,720,725,675,675,661.84,"20,813,400"
1-Dec-22,765,775,720,725,710.87,"29,018,500"
30-Nov-22,760,780,750,765,750.09,"15,491,300"
29-Nov-22,760,765,745,760,745.19,"13,460,600"
28-Nov-22,775,790,755,755,740.28,"17,062,200"
25-Nov-22,780,790,760,775,759.89,"27,488,400"
24-Nov-22,810,810,755,780,764.8,"73,125,300"
23-Nov-22,810,820,800,810,794.21,"22,462,500"
22-Nov-22,820,835,795,810,794.21,"31,144,700"
21-Nov-22,800,820,795,820,804.02,"29,042,500"
18-Nov-22,785,805,765,800,784.41,"35,394,800"
17-Nov-22,820,820,765,785,769.7,"30,214,100"
16-Nov-22,820,830,805,820,804.02,"20,624,200"
15-Nov-22,790,840,785,820,804.02,"68,376,000"
14-Nov-22,750,830,750,790,774.6,"112,395,000"
11-Nov-22,760,775,745,750,735.38,"22,908,000"
10-Nov-22,770,775,720,755,740.28,"38,030,400"
9-Nov-22,725,770,715,765,750.09,"33,944,700"
8-Nov-22,755,785,720,725,710.87,"30,328,100"
7-Nov-22,695,760,690,755,740.28,"21,116,700"
4-Nov-22,710,710,695,695,681.45,"1,551,200"
3-Nov-22,710,720,700,710,696.16,"4,531,500"
2-Nov-22,700,715,690,710,696.16,"7,475,000"
1-Nov-22,700,715,690,700,686.35,"11,604,600"
31-Oct-22,690,710,660,700,686.35,"14,513,600"
28-Oct-22,735,735,685,685,671.65,"6,407,600"
27-Oct-22,745,745,720,735,720.67,"6,189,500"
26-Oct-22,720,745,710,735,720.67,"12,411,900"
25-Oct-22,710,735,700,720,705.96,"17,101,200"
24-Oct-22,670,710,645,705,691.26,"28,507,500"
21-Oct-22,685,690,660,670,656.94,"6,995,000"
20-Oct-22,685,755,680,680,666.74,"27,763,500"
19-Oct-22,700,705,680,685,671.65,"7,079,000"
18-Oct-22,705,715,665,700,686.35,"24,604,000"
17-Oct-22,680,715,655,700,686.35,"32,209,800"
14-Oct-22,750,770,700,700,686.35,"34,564,900"
13-Oct-22,730,770,730,750,735.38,"8,990,500"
12-Oct-22,780,800,735,770,754.99,"28,522,500"
11-Oct-22,790,815,760,780,764.8,"19,295,400"
10-Oct-22,810,815,755,795,779.5,"37,812,800"
7-Oct-22,830,845,800,810,794.21,"15,101,800"
6-Oct-22,805,845,790,830,813.82,"32,437,900"
5-Oct-22,770,830,765,800,784.41,"26,344,000"
4-Oct-22,785,790,760,770,754.99,"6,259,700"
3-Oct-22,765,785,740,770,754.99,"6,887,600"
30-Sep-22,795,795,730,770,754.99,"21,934,000"
29-Sep-22,815,835,765,780,764.8,"35,276,400"
28-Sep-22,810,860,800,810,794.21,"28,193,000"
27-Sep-22,780,820,760,805,789.31,"13,251,800"
26-Sep-22,820,840,780,785,769.7,"23,372,200"
23-Sep-22,880,880,810,835,818.72,"25,248,100"
22-Sep-22,805,880,785,870,853.04,"40,077,400"
21-Sep-22,815,835,805,810,794.21,"9,293,300"
20-Sep-22,815,850,800,815,799.11,"18,318,300"
19-Sep-22,865,910,790,810,794.21,"47,518,800"
16-Sep-22,765,880,745,845,828.53,"46,356,300"
15-Sep-22,725,765,720,765,750.09,"21,010,800"
14-Sep-22,730,760,695,715,701.06,"33,768,000"
13-Sep-22,700,855,690,730,715.77,"131,884,000"
12-Sep-22,680,725,660,685,671.65,"20,966,500"
9-Sep-22,650,710,645,680,666.74,"17,238,100"
8-Sep-22,620,660,620,650,637.33,"16,745,900"
7-Sep-22,715,730,665,665,652.04,"12,647,100"
6-Sep-22,750,770,705,715,701.06,"22,197,200"
5-Sep-22,720,765,720,750,735.38,"21,890,000"
2-Sep-22,735,735,705,720,705.96,"3,454,400"
1-Sep-22,710,735,690,715,701.06,"7,184,100"
31-Aug-22,675,730,665,710,696.16,"10,202,200"
30-Aug-22,660,680,660,665,652.04,"4,081,800"
29-Aug-22,660,675,630,660,647.13,"4,005,300"
26-Aug-22,645,680,620,660,647.13,"8,702,700"
25-Aug-22,630,690,595,615,603.01,"14,617,500"
24-Aug-22,525,645,525,635,622.62,"20,231,600"
23-Aug-22,510,535,510,525,514.77,"2,438,600"
22-Aug-22,545,545,494,500,490.25,"3,023,200"
19-Aug-22,500,555,500,530,519.67,"6,669,700"
18-Aug-22,474,498,474,498,488.29,"4,752,700"
16-Aug-22,470,476,466,474,464.76,"778,800"
15-Aug-22,476,478,460,470,460.84,"1,104,700"
12-Aug-22,474,480,472,476,466.72,"1,404,000"
11-Aug-22,474,476,472,472,462.8,"1,044,000"
10-Aug-22,476,476,472,472,462.8,"1,003,800"
9-Aug-22,476,476,464,472,462.8,"1,325,900"
8-Aug-22,476,480,468,468,458.88,"1,233,200"
5-Aug-22,470,474,468,474,464.76,"902,800"
4-Aug-22,480,480,470,470,460.84,"1,008,200"
3-Aug-22,476,476,466,474,464.76,"834,600"
2-Aug-22,478,478,466,468,458.88,"822,200"
1-Aug-22,464,478,464,470,460.84,"922,400"
29-Jul-22,466,482,464,472,462.8,"1,240,000"
28-Jul-22,476,484,466,466,456.92,"1,289,400"
27-Jul-22,476,482,470,476,466.72,"2,014,100"
26-Jul-22,470,474,456,474,464.76,"1,593,800"
25-Jul-22,466,468,458,464,454.96,"1,086,000"
22-Jul-22,462,470,460,466,456.92,"1,215,200"
21-Jul-22,470,470,456,462,452.99,"1,092,700"
20-Jul-22,462,478,452,460,451.03,"1,429,400"
19-Jul-22,446,460,444,456,447.11,"1,618,100"
18-Jul-22,454,454,444,446,437.31,"916,200"
15-Jul-22,446,450,438,446,437.31,"749,300"
14-Jul-22,446,450,440,446,437.31,"764,900"
13-Jul-22,448,450,444,448,439.27,"643,700"
12-Jul-22,444,444,434,444,435.34,"2,388,400"
11-Jul-22,448,450,440,444,435.34,"737,600"
8-Jul-22,446,458,430,448,439.27,"810,700"
7-Jul-22,460,460,440,446,431.95,"1,160,700"
6-Jul-22,450,458,432,448,433.89,"939,100"
5-Jul-22,446,456,440,450,435.83,"884,800"
4-Jul-22,466,466,444,446,431.95,"1,338,700"
1-Jul-22,456,464,456,460,445.51,"1,299,100"
30-Jun-22,450,462,450,456,441.64,"1,474,200"
29-Jun-22,460,460,446,450,435.83,"1,509,900"
28-Jun-22,450,460,432,448,433.89,"1,451,500"
27-Jun-22,432,454,432,440,426.14,"1,126,400"
24-Jun-22,434,438,426,430,416.46,"644,200"
23-Jun-22,440,440,428,432,418.39,"731,800"
22-Jun-22,438,442,428,436,422.27,"668,000"
21-Jun-22,432,438,426,438,424.2,"809,600"
20-Jun-22,438,446,422,432,418.39,"868,400"
17-Jun-22,426,448,418,438,424.2,"746,700"
16-Jun-22,436,448,426,428,414.52,"672,900"
15-Jun-22,436,448,426,436,422.27,"743,300"
14-Jun-22,430,430,416,420,406.77,"1,440,200"
13-Jun-22,450,450,430,430,416.46,"1,980,900"
10-Jun-22,458,458,450,450,435.83,"840,700"
9-Jun-22,464,464,456,458,443.57,"1,114,000"
8-Jun-22,460,464,456,458,443.57,"989,900"
7-Jun-22,460,466,454,460,445.51,"1,217,300"
6-Jun-22,456,464,450,460,445.51,"1,342,900"
3-Jun-22,460,460,450,456,441.64,"945,000"
2-Jun-22,460,470,450,456,441.64,"2,023,200"
31-May-22,428,448,424,448,433.89,"1,626,900"
30-May-22,418,428,418,426,412.58,"996,300"
27-May-22,418,420,412,418,404.83,"1,073,200"
25-May-22,418,428,414,416,402.9,"710,000"
24-May-22,424,424,410,414,400.96,"1,180,500"
23-May-22,428,432,414,418,404.83,"886,800"
20-May-22,430,432,410,416,402.9,"2,031,200"
19-May-22,442,450,428,430,416.46,"1,033,100"
18-May-22,456,456,438,440,426.14,"1,469,900"
17-May-22,442,458,438,448,433.89,"770,700"
13-May-22,440,452,438,442,428.08,"685,300"
12-May-22,450,466,440,440,426.14,"1,833,800"
11-May-22,440,466,440,456,441.64,"858,500"
10-May-22,454,458,432,436,422.27,"1,504,400"
9-May-22,458,470,454,454,439.7,"877,200"
28-Apr-22,458,464,454,458,443.57,"770,100"
27-Apr-22,458,460,452,458,443.57,"887,400"
26-Apr-22,456,458,454,458,443.57,"903,700"
25-Apr-22,462,462,454,456,441.64,"763,500"
22-Apr-22,460,466,458,462,447.45,"1,233,400"
21-Apr-22,458,468,456,460,445.51,"1,039,900"
20-Apr-22,466,466,450,454,439.7,"1,120,400"
19-Apr-22,460,480,460,460,445.51,"1,735,800"
18-Apr-22,452,460,452,456,441.64,"1,057,900"
14-Apr-22,452,462,450,452,437.76,"1,205,000"
13-Apr-22,446,458,446,450,435.83,"1,229,900"
12-Apr-22,452,460,442,446,431.95,"1,969,200"
11-Apr-22,468,470,444,452,437.76,"1,688,700"
8-Apr-22,472,472,462,466,451.32,"1,146,700"
7-Apr-22,472,476,470,472,457.13,"773,000"
6-Apr-22,472,478,468,470,455.2,"838,800"
5-Apr-22,472,480,470,472,457.13,"720,100"
4-Apr-22,474,482,468,470,455.2,"1,005,100"
1-Apr-22,480,482,470,474,459.07,"761,300"
31-Mar-22,476,482,470,478,462.94,"1,048,000"
30-Mar-22,484,488,472,476,461.01,"1,426,300"
29-Mar-22,488,498,486,486,470.69,"1,272,100"
28-Mar-22,480,498,480,488,472.63,"1,619,700"
25-Mar-22,492,498,480,480,464.88,"1,046,900"
24-Mar-22,492,500,484,492,476.5,"2,125,900"
23-Mar-22,472,492,470,488,472.63,"2,591,200"
22-Mar-22,468,478,460,478,462.94,"907,400"
21-Mar-22,476,482,470,470,455.2,"1,061,100"
18-Mar-22,482,482,472,480,464.88,"922,000"
17-Mar-22,474,482,468,478,462.94,"863,200"
16-Mar-22,480,486,468,474,459.07,"941,200"
15-Mar-22,482,484,468,476,461.01,"972,400"
14-Mar-22,460,480,454,480,464.88,"2,994,500"
11-Mar-22,458,466,452,458,443.57,"1,159,700"
10-Mar-22,464,470,452,458,443.57,"1,172,200"
9-Mar-22,464,472,458,460,445.51,"1,697,900"
8-Mar-22,480,480,460,464,449.39,"1,430,000"
7-Mar-22,480,492,468,474,459.07,"2,078,200"
4-Mar-22,476,484,456,480,464.88,"2,509,400"
2-Mar-22,484,486,470,476,461.01,"1,984,100"
1-Mar-22,480,500,470,484,468.76,"2,059,200"
25-Feb-22,460,496,450,478,462.94,"10,497,800"
24-Feb-22,490,500,456,460,445.51,"6,758,300"
23-Feb-22,515,530,486,490,474.57,"5,170,800"
22-Feb-22,535,535,510,515,498.78,"2,651,300"
21-Feb-22,520,540,500,515,498.78,"5,651,000"
18-Feb-22,535,545,498,525,508.46,"6,097,400"
17-Feb-22,570,585,535,535,518.15,"16,228,700"
16-Feb-22,565,685,565,575,556.89,"22,021,500"
15-Feb-22,515,560,515,555,537.52,"5,720,500"
14-Feb-22,545,545,505,505,489.09,"1,979,300"
11-Feb-22,525,540,515,540,522.99,"1,615,300"
10-Feb-22,530,540,520,520,503.62,"1,750,200"
9-Feb-22,535,550,515,525,508.46,"1,357,500"
8-Feb-22,488,550,480,535,518.15,"5,888,800"
7-Feb-22,500,550,484,488,472.63,"1,652,800"
4-Feb-22,535,535,498,500,484.25,"2,808,900"
3-Feb-22,575,580,535,535,518.15,"5,079,900"
2-Feb-22,470,585,470,575,556.89,"6,302,400"
31-Jan-22,460,472,460,470,455.2,"1,358,700"
28-Jan-22,466,468,456,460,445.51,"1,765,600"
27-Jan-22,472,478,464,466,451.32,"2,565,800"
26-Jan-22,472,478,464,472,457.13,"4,834,500"
25-Jan-22,462,470,454,470,455.2,"1,839,100"
24-Jan-22,456,464,454,460,445.51,"1,079,100"
21-Jan-22,448,470,448,454,439.7,"1,911,000"
20-Jan-22,446,448,442,448,433.89,"826,900"
19-Jan-22,448,448,442,446,431.95,"1,049,300"
18-Jan-22,448,450,440,446,431.95,"2,002,000"
17-Jan-22,446,450,444,448,433.89,"1,355,100"
14-Jan-22,448,452,442,444,430.02,"808,400"
13-Jan-22,444,448,442,446,431.95,"750,500"
12-Jan-22,442,448,442,444,430.02,"911,200"
11-Jan-22,452,452,442,442,428.08,"1,024,900"
10-Jan-22,446,452,440,450,435.83,"1,768,800"
7-Jan-22,446,458,442,442,428.08,"1,308,700"
6-Jan-22,448,448,442,446,431.95,"867,100"
5-Jan-22,454,454,442,446,431.95,"1,237,100"
4-Jan-22,452,454,444,454,439.7,"900,800"
3-Jan-22,446,456,442,450,435.83,"1,269,700"
30-Dec-21,448,474,446,446,431.95,"16,396,300"
29-Dec-21,436,460,436,448,433.89,"1,526,000"
28-Dec-21,456,458,434,434,420.33,"3,252,900"
27-Dec-21,460,466,454,458,443.57,"1,075,200"
24-Dec-21,460,470,452,458,443.57,"1,160,600"
23-Dec-21,444,460,440,460,445.51,"1,568,800"
22-Dec-21,452,456,444,446,431.95,"2,342,900"
21-Dec-21,478,480,448,452,437.76,"5,612,800"
20-Dec-21,442,478,442,474,459.07,"8,518,300"
17-Dec-21,442,444,440,440,426.14,"972,300"
16-Dec-21,442,444,440,442,428.08,"711,800"
15-Dec-21,442,442,438,442,428.08,"1,734,300"
14-Dec-21,442,444,440,440,426.14,"1,124,200"
13-Dec-21,442,442,440,442,428.08,"2,373,600"
10-Dec-21,442,442,438,440,426.14,"732,300"
9-Dec-21,442,442,436,442,428.08,"891,000"
8-Dec-21,442,442,438,442,428.08,"768,100"
7-Dec-21,440,442,438,442,428.08,"1,002,700"
6-Dec-21,440,444,438,438,424.2,"866,400"
3-Dec-21,436,442,436,440,426.14,"1,223,000"
2-Dec-21,440,440,436,438,424.2,"705,300"
1-Dec-21,436,440,436,438,424.2,"695,100"
30-Nov-21,442,442,438,438,424.2,"999,700"
29-Nov-21,438,442,434,442,428.08,"988,400"
26-Nov-21,444,444,430,438,424.2,"1,002,000"
25-Nov-21,444,444,438,442,428.08,"800,600"
24-Nov-21,440,442,436,440,426.14,"1,243,300"
23-Nov-21,440,442,436,440,426.14,"1,720,800"
22-Nov-21,440,444,438,440,426.14,"897,300"
19-Nov-21,440,442,436,440,426.14,"905,900"
18-Nov-21,440,444,438,440,426.14,"948,300"
17-Nov-21,440,442,436,438,424.2,"837,300"
16-Nov-21,442,442,438,438,424.2,"817,300"
15-Nov-21,438,442,434,440,426.14,"1,195,400"
12-Nov-21,438,442,436,436,422.27,"913,800"
11-Nov-21,440,440,436,438,424.2,"677,300"
10-Nov-21,438,440,436,436,422.27,"805,300"
9-Nov-21,438,440,438,440,426.14,"1,078,500"
8-Nov-21,442,442,438,440,426.14,"1,556,600"
5-Nov-21,438,444,436,438,424.2,"1,134,300"
4-Nov-21,440,440,438,438,424.2,"639,300"
3-Nov-21,440,442,438,438,424.2,"1,226,500"
2-Nov-21,444,450,438,440,426.14,"866,200"
1-Nov-21,440,448,438,438,424.2,"970,900"
29-Oct-21,436,440,432,440,426.14,"928,000"
28-Oct-21,438,440,434,434,420.33,"969,800"
27-Oct-21,438,438,436,436,422.27,"926,400"
26-Oct-21,440,440,436,438,424.2,"1,580,400"
25-Oct-21,442,444,438,440,426.14,"1,125,200"
22-Oct-21,444,448,440,442,428.08,"1,063,300"
21-Oct-21,440,456,440,444,430.02,"2,035,500"
19-Oct-21,448,448,438,440,426.14,"1,358,200"
18-Oct-21,434,450,434,440,426.14,"1,889,300"
15-Oct-21,432,440,430,432,418.39,"1,114,900"
14-Oct-21,420,434,418,432,418.39,"2,723,000"
13-Oct-21,426,426,416,416,402.9,"1,069,600"
12-Oct-21,422,422,418,418,404.83,"791,400"
11-Oct-21,418,424,418,422,408.71,"907,700"
8-Oct-21,422,424,416,416,402.9,"881,200"
7-Oct-21,420,426,418,420,406.77,"828,800"
6-Oct-21,420,424,418,420,406.77,"876,500"
5-Oct-21,422,432,420,420,406.77,"870,300"
4-Oct-21,426,426,416,422,408.71,"1,398,200"
1-Oct-21,420,440,420,426,412.58,"898,800"
30-Sep-21,424,426,420,420,406.77,"952,200"
29-Sep-21,422,426,422,424,410.65,"922,100"
28-Sep-21,424,424,418,422,408.71,"935,000"
27-Sep-21,432,432,424,424,410.65,"923,100"
24-Sep-21,430,436,426,432,418.39,"1,181,600"
23-Sep-21,432,434,430,430,416.46,"944,600"
22-Sep-21,432,436,430,432,418.39,"737,700"
21-Sep-21,430,440,428,432,418.39,"749,000"
20-Sep-21,432,440,428,430,416.46,"716,600"
17-Sep-21,434,434,430,432,418.39,"793,500"
16-Sep-21,432,436,430,432,418.39,"948,700"
15-Sep-21,434,436,430,432,418.39,"1,102,900"
14-Sep-21,436,436,432,434,420.33,"678,300"
13-Sep-21,442,446,432,436,422.27,"879,600"
10-Sep-21,432,446,432,440,426.14,"1,749,400"
9-Sep-21,434,434,420,432,418.39,"1,634,000"
8-Sep-21,448,450,434,434,416.57,"1,890,400"
7-Sep-21,432,446,432,444,426.17,"1,937,300"
6-Sep-21,430,432,428,432,414.65,"1,028,300"
3-Sep-21,430,432,426,430,412.73,"765,800"
2-Sep-21,424,434,418,428,410.81,"905,300"
1-Sep-21,430,436,430,430,412.73,"729,600"
31-Aug-21,430,430,424,430,412.73,"749,600"
30-Aug-21,426,440,424,430,412.73,"1,231,700"
27-Aug-21,420,432,418,426,408.89,"842,500"
26-Aug-21,430,430,420,424,406.97,"778,300"
25-Aug-21,424,430,418,426,408.89,"1,351,500"
24-Aug-21,426,434,418,426,408.89,"795,800"
23-Aug-21,434,434,428,430,412.73,"805,400"
20-Aug-21,426,434,426,432,414.65,"913,900"
19-Aug-21,428,430,414,426,408.89,"1,496,200"
18-Aug-21,426,430,426,428,410.81,"815,800"
16-Aug-21,438,438,424,428,410.81,"786,000"
13-Aug-21,430,436,422,436,418.49,"1,282,800"
12-Aug-21,432,436,428,430,412.73,"1,076,300"
10-Aug-21,440,440,424,432,414.65,"1,511,700"
9-Aug-21,426,436,422,436,418.49,"1,637,600"
6-Aug-21,420,432,416,426,408.89,"2,322,600"
5-Aug-21,398,410,394,410,393.54,"2,753,700"
4-Aug-21,402,402,392,392,376.26,"274,400"
3-Aug-21,400,400,392,400,383.94,"224,300"
2-Aug-21,396,402,396,398,382.02,"416,800"
30-Jul-21,382,396,380,396,380.1,"551,500"
29-Jul-21,384,388,380,380,364.74,"417,100"
28-Jul-21,386,390,380,384,368.58,"1,163,600"
27-Jul-21,390,394,382,386,370.5,"663,600"
26-Jul-21,390,396,386,390,374.34,"868,800"
23-Jul-21,396,396,388,390,374.34,"268,500"
22-Jul-21,390,400,386,390,374.34,"623,900"
21-Jul-21,398,398,390,394,378.18,"385,800"
19-Jul-21,400,404,398,400,383.94,"365,100"
16-Jul-21,400,400,392,400,383.94,"753,500"
15-Jul-21,396,400,394,400,383.94,"880,400"
14-Jul-21,400,400,396,396,380.1,"169,600"
13-Jul-21,406,406,396,400,383.94,"188,400"
12-Jul-21,390,404,390,400,383.94,"1,536,200"
9-Jul-21,404,404,396,396,380.1,"235,200"
8-Jul-21,400,406,398,400,383.94,"372,200"
7-Jul-21,398,406,394,398,382.02,"858,300"
6-Jul-21,394,398,390,398,382.02,"368,800"
5-Jul-21,396,398,392,396,380.1,"339,600"
2-Jul-21,394,398,390,396,380.1,"509,000"
1-Jul-21,400,400,394,396,380.1,"282,700"
30-Jun-21,396,400,388,400,383.94,"920,500"
29-Jun-21,394,400,390,396,380.1,"834,900"
28-Jun-21,394,396,390,396,380.1,"1,365,500"
25-Jun-21,394,398,392,394,378.18,"506,700"
24-Jun-21,406,406,390,394,378.18,"514,300"
23-Jun-21,408,410,396,406,389.7,"807,100"
22-Jun-21,392,412,392,404,387.78,"463,500"
21-Jun-21,400,404,388,394,378.18,"677,000"
18-Jun-21,420,422,400,402,385.86,"566,300"
17-Jun-21,428,428,414,420,403.13,"1,216,200"
16-Jun-21,430,430,420,428,410.81,"192,700"
15-Jun-21,432,440,426,430,412.73,"806,700"
14-Jun-21,426,440,426,430,412.73,"778,100"
11-Jun-21,428,428,414,426,408.89,"1,235,800"
10-Jun-21,460,464,430,430,412.73,"2,080,600"
9-Jun-21,452,466,452,456,437.69,"435,900"
8-Jun-21,446,478,446,452,433.85,"1,819,800"
7-Jun-21,444,450,438,446,428.09,"630,200"
4-Jun-21,454,454,430,444,426.17,"1,210,200"
3-Jun-21,468,478,452,456,437.69,"1,616,500"
2-Jun-21,470,494,466,466,447.29,"3,679,100"
31-May-21,424,478,418,466,447.29,"6,093,200"
28-May-21,416,430,408,416,399.3,"2,919,600"
27-May-21,406,416,402,406,389.7,"1,443,500"
25-May-21,400,408,396,404,387.78,"2,563,300"
24-May-21,392,408,392,398,382.02,"1,217,300"
21-May-21,394,402,390,392,376.26,"1,907,000"
20-May-21,400,408,380,394,378.18,"2,632,600"
19-May-21,380,404,380,402,385.86,"8,063,700"
18-May-21,364,378,362,374,358.98,"2,248,800"
17-May-21,370,372,358,364,349.38,"979,000"
11-May-21,362,370,352,370,355.14,"529,900"
10-May-21,352,364,350,362,347.46,"744,800"
7-May-21,380,380,354,354,339.79,"1,798,900"
6-May-21,352,372,348,372,357.06,"3,452,400"
5-May-21,352,354,342,352,337.87,"1,173,200"
4-May-21,348,358,348,354,339.79,"1,313,100"
3-May-21,338,370,338,348,334.03,"4,708,900"
30-Apr-21,334,340,332,338,324.43,"2,889,500"
29-Apr-21,328,334,328,334,320.59,"1,977,800"
28-Apr-21,338,344,332,332,318.67,"2,548,200"
27-Apr-21,336,338,330,338,324.43,"2,294,900"
26-Apr-21,344,346,336,336,322.51,"2,190,400"
23-Apr-21,342,344,328,344,330.19,"3,059,900"
22-Apr-21,344,346,332,342,328.27,"2,193,900"
21-Apr-21,346,346,326,344,330.19,"2,120,900"
20-Apr-21,352,352,344,346,332.11,"1,875,400"
19-Apr-21,340,374,340,352,337.87,"3,631,700"
16-Apr-21,362,364,340,340,326.35,"4,014,800"
15-Apr-21,318,380,318,362,347.46,"9,380,300"
14-Apr-21,312,318,312,318,305.23,"1,967,800"
13-Apr-21,314,316,306,314,301.39,"2,687,100"
12-Apr-21,316,316,306,314,301.39,"2,558,100"
9-Apr-21,318,318,310,316,303.31,"1,866,100"
8-Apr-21,310,320,306,318,305.23,"2,535,400"
7-Apr-21,300,310,300,310,297.55,"2,093,300"
6-Apr-21,300,302,296,300,287.95,"2,615,200"
5-Apr-21,304,308,298,300,287.95,"2,676,800"
1-Apr-21,314,314,304,304,291.79,"2,616,400"
31-Mar-21,318,320,312,314,301.39,"2,018,900"
30-Mar-21,316,320,314,318,305.23,"2,236,200"
29-Mar-21,330,330,314,316,303.31,"2,760,900"
26-Mar-21,316,336,316,330,316.75,"2,857,800"
25-Mar-21,332,334,316,316,303.31,"3,824,200"
24-Mar-21,354,358,330,334,320.59,"4,832,700"
23-Mar-21,322,368,320,354,339.79,"9,802,900"
22-Mar-21,316,322,314,322,309.07,"2,366,500"
19-Mar-21,316,320,312,318,305.23,"1,981,100"
18-Mar-21,322,324,316,318,305.23,"2,016,600"
17-Mar-21,322,332,318,324,310.99,"2,231,400"
16-Mar-21,320,322,316,322,309.07,"1,959,900"
15-Mar-21,322,322,316,320,307.15,"1,922,600"
12-Mar-21,322,324,318,322,309.07,"2,001,600"
10-Mar-21,310,324,308,322,309.07,"2,262,200"
9-Mar-21,310,310,302,310,297.55,"2,014,400"
8-Mar-21,306,310,302,310,297.55,"2,356,600"
5-Mar-21,314,316,306,306,293.71,"2,380,000"
4-Mar-21,318,318,308,314,301.39,"2,374,300"
3-Mar-21,320,322,310,318,305.23,"2,352,900"
2-Mar-21,320,320,318,320,307.15,"2,087,000"
1-Mar-21,320,320,316,320,307.15,"1,980,900"
26-Feb-21,324,324,312,320,307.15,"2,288,300"
25-Feb-21,324,326,320,326,312.91,"1,937,400"
24-Feb-21,328,328,318,324,310.99,"1,966,800"
23-Feb-21,326,330,320,328,314.83,"1,985,100"
22-Feb-21,326,328,322,326,312.91,"2,172,700"
19-Feb-21,324,340,302,326,312.91,"3,429,100"
18-Feb-21,318,324,314,324,310.99,"2,161,900"
17-Feb-21,326,326,318,318,305.23,"2,051,300"
16-Feb-21,322,326,320,326,312.91,"2,105,500"
15-Feb-21,322,328,316,322,309.07,"2,036,600"
11-Feb-21,324,324,318,322,309.07,"1,905,400"
10-Feb-21,324,326,320,324,310.99,"2,671,500"
9-Feb-21,328,332,320,324,310.99,"2,077,100"
8-Feb-21,326,330,326,328,314.83,"2,004,200"
5-Feb-21,318,326,318,326,312.91,"2,146,900"
4-Feb-21,328,328,318,318,305.23,"1,984,600"
3-Feb-21,322,328,318,328,314.83,"2,171,500"
2-Feb-21,316,326,314,322,309.07,"2,208,400"
1-Feb-21,296,324,290,316,303.31,"3,462,800"
29-Jan-21,298,306,278,300,287.95,"3,365,600"
28-Jan-21,298,308,292,298,286.03,"3,519,800"
27-Jan-21,330,330,308,308,295.63,"4,771,000"
26-Jan-21,336,338,328,330,316.75,"2,128,800"
25-Jan-21,348,348,324,336,322.51,"2,490,900"
22-Jan-21,350,368,328,348,334.03,"3,326,800"
21-Jan-21,338,360,338,348,334.03,"3,073,400"
20-Jan-21,348,358,338,338,324.43,"3,208,100"
19-Jan-21,360,362,342,348,334.03,"2,104,900"
18-Jan-21,360,366,352,360,345.54,"2,541,600"
15-Jan-21,348,372,344,360,345.54,"2,582,100"
14-Jan-21,354,354,338,348,334.03,"3,227,000"
13-Jan-21,370,372,354,354,339.79,"3,583,000"
12-Jan-21,388,388,366,370,355.14,"3,156,900"
11-Jan-21,398,398,386,388,372.42,"2,790,400"
8-Jan-21,414,416,398,398,382.02,"2,887,400"
7-Jan-21,408,422,406,414,397.38,"2,856,800"
6-Jan-21,396,440,396,408,391.62,"5,321,500"
5-Jan-21,394,396,380,396,380.1,"2,730,700"
4-Jan-21,400,404,384,394,378.18,"2,985,300"
30-Dec-20,420,420,388,400,383.94,"6,191,500"
29-Dec-20,382,462,378,416,399.3,"10,433,900"
28-Dec-20,362,376,352,376,360.9,"3,076,500"
23-Dec-20,354,366,340,362,347.46,"3,887,600"
22-Dec-20,340,360,318,354,339.79,"12,225,600"
21-Dec-20,340,342,330,340,326.35,"7,676,900"
18-Dec-20,306,340,300,338,324.43,"8,082,800"
17-Dec-20,306,308,298,306,293.71,"2,651,000"
16-Dec-20,300,306,298,306,293.71,"2,613,900"
15-Dec-20,300,304,296,302,289.87,"2,937,900"
14-Dec-20,300,302,296,302,289.87,"2,427,700"
11-Dec-20,302,302,298,300,287.95,"2,126,100"
10-Dec-20,298,304,296,302,289.87,"2,849,800"
8-Dec-20,300,300,296,298,286.03,"2,470,400"
7-Dec-20,300,302,298,300,287.95,"2,339,100"
4-Dec-20,304,306,296,300,287.95,"2,312,600"
3-Dec-20,314,316,298,304,291.79,"3,345,900"
2-Dec-20,310,314,308,314,301.39,"1,991,300"
1-Dec-20,310,316,308,310,297.55,"2,144,500"
30-Nov-20,320,322,310,310,297.55,"2,369,600"
27-Nov-20,314,322,314,320,307.15,"2,323,300"
26-Nov-20,304,314,300,314,301.39,"2,485,000"
25-Nov-20,310,312,304,304,291.79,"2,429,500"
24-Nov-20,302,310,302,310,297.55,"2,598,900"
23-Nov-20,304,304,298,302,289.87,"2,332,400"
20-Nov-20,296,312,294,304,291.79,"2,906,700"
19-Nov-20,294,298,294,298,286.03,"2,438,700"
18-Nov-20,294,296,292,296,284.11,"2,314,400"
17-Nov-20,294,296,292,294,282.19,"2,153,000"
16-Nov-20,294,296,294,294,282.19,"2,212,500"
13-Nov-20,294,296,292,296,284.11,"2,132,400"
12-Nov-20,296,298,294,296,284.11,"2,263,100"
11-Nov-20,292,296,290,296,284.11,"2,269,000"
10-Nov-20,294,298,292,292,280.27,"2,645,700"
9-Nov-20,294,298,294,294,282.19,"2,351,000"
6-Nov-20,296,298,294,294,282.19,"2,526,800"
5-Nov-20,300,300,294,296,284.11,"2,645,000"
4-Nov-20,298,300,296,300,287.95,"2,167,900"
3-Nov-20,296,300,292,298,286.03,"2,164,800"
2-Nov-20,308,308,294,296,284.11,"2,119,600"
27-Oct-20,302,304,298,300,287.95,"2,062,900"
26-Oct-20,302,304,298,304,291.79,"1,922,400"
23-Oct-20,306,306,298,302,289.87,"1,936,300"
22-Oct-20,298,306,296,306,293.71,"1,967,900"
21-Oct-20,302,302,298,298,286.03,"1,989,500"
20-Oct-20,302,304,298,302,289.87,"1,976,500"
19-Oct-20,306,306,296,302,289.87,"2,497,800"
16-Oct-20,304,306,302,306,293.71,"2,086,400"
15-Oct-20,306,306,300,304,291.79,"2,053,400"
14-Oct-20,306,308,302,306,293.71,"2,071,100"
13-Oct-20,306,310,302,306,293.71,"2,077,500"
12-Oct-20,304,308,302,306,293.71,"2,074,200"
9-Oct-20,304,306,298,304,291.79,"1,990,300"
8-Oct-20,300,304,296,304,291.79,"2,088,100"
7-Oct-20,302,302,294,302,289.87,"2,143,600"
6-Oct-20,298,304,296,302,289.87,"2,088,700"
5-Oct-20,300,302,294,300,287.95,"2,164,100"
2-Oct-20,296,304,290,300,287.95,"2,362,200"
1-Oct-20,296,300,292,296,284.11,"2,168,200"
30-Sep-20,304,306,290,296,284.11,"2,197,800"
29-Sep-20,300,304,296,304,291.79,"2,128,500"
28-Sep-20,298,304,294,300,287.95,"2,264,300"
25-Sep-20,290,308,290,298,286.03,"2,323,900"
24-Sep-20,300,300,286,290,278.35,"2,305,200"
23-Sep-20,304,306,298,304,291.79,"2,306,900"
22-Sep-20,308,308,300,304,291.79,"2,284,300"
21-Sep-20,314,316,308,308,295.63,"2,010,800"
18-Sep-20,314,316,302,316,303.31,"1,997,300"
17-Sep-20,314,318,312,316,303.31,"1,982,000"
16-Sep-20,318,318,314,314,301.39,"2,002,000"
15-Sep-20,318,320,314,318,305.23,"2,307,800"
14-Sep-20,316,326,310,318,305.23,"2,210,700"
11-Sep-20,276,330,276,316,303.31,"2,868,100"
10-Sep-20,310,310,296,296,284.11,"2,729,400"
9-Sep-20,318,318,312,318,305.23,"2,159,900"
8-Sep-20,320,322,316,320,307.15,"1,977,800"
7-Sep-20,310,320,310,320,307.15,"2,394,000"
4-Sep-20,310,320,306,320,307.15,"2,284,700"
3-Sep-20,312,314,308,312,299.47,"2,120,500"
2-Sep-20,314,316,308,312,299.47,"2,722,700"
1-Sep-20,314,314,306,314,301.39,"3,055,900"
31-Aug-20,314,318,314,316,303.31,"3,142,900"
28-Aug-20,314,318,310,316,303.31,"2,443,900"
27-Aug-20,318,318,310,314,301.39,"2,511,500"
26-Aug-20,312,320,312,318,305.23,"2,522,600"
25-Aug-20,318,318,308,312,299.47,"4,201,700"
24-Aug-20,324,324,318,318,305.23,"2,435,600"
19-Aug-20,324,326,318,324,310.99,"2,248,900"
18-Aug-20,326,326,314,324,310.99,"2,254,900"
14-Aug-20,318,332,308,326,312.91,"2,845,700"
13-Aug-20,314,352,314,318,305.23,"7,692,400"
12-Aug-20,320,320,298,314,301.39,"3,421,300"
11-Aug-20,328,328,318,320,307.15,"2,851,800"
10-Aug-20,338,340,320,328,314.83,"2,695,900"
7-Aug-20,332,338,332,338,321.62,"3,017,700"
6-Aug-20,346,346,322,332,315.91,"4,553,300"
5-Aug-20,370,370,346,346,329.23,"4,388,600"
4-Aug-20,378,472,354,370,352.06,"30,505,800"
3-Aug-20,386,386,370,378,359.68,"2,332,800"
30-Jul-20,348,398,348,386,367.29,"4,038,000"
29-Jul-20,346,348,340,348,331.13,"2,023,000"
28-Jul-20,348,348,328,348,331.13,"2,016,700"
27-Jul-20,348,348,344,348,331.13,"1,994,900"
24-Jul-20,344,348,332,348,331.13,"2,039,100"
23-Jul-20,338,350,328,344,327.32,"2,050,000"
22-Jul-20,330,350,328,338,321.62,"2,037,500"
21-Jul-20,338,340,332,332,315.91,"1,934,300"
20-Jul-20,342,342,338,338,321.62,"1,986,800"
17-Jul-20,340,350,328,342,325.42,"2,393,700"
16-Jul-20,348,348,340,340,323.52,"1,930,600"
15-Jul-20,340,350,322,350,333.03,"2,100,600"
14-Jul-20,330,340,320,340,323.52,"2,831,400"
13-Jul-20,308,330,300,330,314,"2,296,100"
10-Jul-20,328,330,308,308,293.07,"2,389,100"
9-Jul-20,330,330,324,330,314,"1,970,700"
8-Jul-20,328,330,326,330,314,"1,995,200"
7-Jul-20,330,330,322,330,314,"1,950,300"
6-Jul-20,342,344,320,330,314,"2,072,200"
3-Jul-20,346,350,326,344,327.32,"2,067,600"
2-Jul-20,338,350,338,348,331.13,"1,870,100"
1-Jul-20,348,356,340,352,334.94,"2,174,700"
30-Jun-20,348,350,338,348,331.13,"1,945,500"
29-Jun-20,346,348,338,348,331.13,"1,942,200"
26-Jun-20,348,350,328,346,329.23,"1,972,500"
25-Jun-20,338,350,322,348,331.13,"2,069,000"
24-Jun-20,336,346,322,342,325.42,"2,104,900"
23-Jun-20,346,350,322,340,323.52,"2,075,200"
22-Jun-20,310,348,300,346,329.23,"2,210,900"
19-Jun-20,324,328,310,310,294.97,"2,605,300"
18-Jun-20,326,332,326,332,315.91,"2,091,500"
17-Jun-20,338,352,326,350,333.03,"1,838,600"
16-Jun-20,342,342,338,338,321.62,"2,091,200"
15-Jun-20,362,362,350,362,344.45,"1,931,900"
12-Jun-20,400,400,374,376,357.77,"1,772,600"
11-Jun-20,328,404,328,400,380.61,"2,562,900"
10-Jun-20,348,352,326,328,312.1,"1,908,900"
9-Jun-20,340,350,326,350,333.03,"1,961,600"
8-Jun-20,332,344,318,334,317.81,"3,246,200"
5-Jun-20,278,350,276,338,321.62,"2,232,200"
4-Jun-20,280,290,266,290,275.94,"2,177,800"
3-Jun-20,278,288,270,280,266.43,"2,581,800"
